Name,Ingredients
ซอส basil,"หอย 1 ป๋อง \n อิ๊วขาว 1 ขวด \n แม็คกี้ 370 กรัม \n น้ำตาล 325 กรัม \n อิ๊วดำ 460 กรัม \n ชูรส 270 กรัม \n น้ำปลา 415 กรัม"
ซอสผัด,"หอย 1 ป๋อง \n ฝาเขียว 1 ขวด \n ฝาขาว 1 ขวด \n น้ำตาล 1500 กรัม"
ซอสข้าวผัด,"อิ๊วขาว 2 ขวด \n แม็กกี้ 2 ขวด \n น้ำตาล 1400 กรัม \n ชูรส 180 กรัม"
แป้งทอด,"แป้ง 3 \n โกกิ 2 เล็ก 7 \n ผงไก่ 3 ชต. \n พริกไทย 1 ชต."
bbq,"ซอสผัด 800 ml \n มะเขือเทศ 1 ลิตร \n น้ำตาล 400 ml \n ซอสพริก 10 ทัพพี \n พริกไทย 2 ชต."
sesame,"ซอสผัด 1600 ml \n น้ำตาล 300 ml \n น้ำมันงา 100 ml \n งา 8 ชต."
paper,"ซอสผัด 1600 ml \n น้ำตาล 300 ml \n น้ำเปล่า 100 ml \n กระเทียบสับ 20 ชต. \n พริกไทยดำ 5ครึ่ง ชต. \n ผงพริกไทย 2 ชต. \n แม็กกี้ 100 ml"
ไก่กะทะ,"ซอสผัด 1600 ml \n ตะไคร้ปั่น 20 ชต. \n น้ำตาล 300 ml \n พริกไทย 1 ชต. \n อิ๊วดำ เอาสี"
stay,"หอย GF 100 ml \n อิ๊วขาว GF 100 ml \n น้ำตาล 6ครึ่ง ชต. \n ขมิ้น 3 ชต. \n kumin 1ครึ่ง ชต. \n ใบมะกรูดซอย 10 ใบ \n กะทิ 1 ป๋อง "
ไก่ตะไคร้,"หอย GF 300 ml \n ฝาขาว 50 ml \n ฝาเขียว 50 ml \n น้ำตาล 350 ml \n ผงไก่ 2ครึ่ง ชต. \n ตะไคร้ปั่น 1/4 ถุง \n รากผักชี 4 ราก \n กระเทียมปั่น 1/4 ถุง \n น้ำมันพืช 1 กระบวยผัด"
แกงred,"แกงแดง(1kg) 2 ป๋อง \n กะทิ 24 กระป๋อง \n น้ำปลา 600 ml \n ตะไคร้+ใบมะกรูด \n ปาริก้า 5ครึ่ง \n น้ำตาลปิ๊ป 500g 3 ก้อน"
แกงgreen,"แกงเขียว(1kg) 2 ป๋อง \n กะทิ 24 ป๋อง \n น้ำปลา 600 ml \n กระชาย+ใบมะกรูด \n ขมิ้น 5ครึ่ง ชต. \n น้ำตาลปิ๊ป 500g 3 ก้อน"
แกงmassaman,"แกงมัส(1kg) 2 ป๋อง \n กะทิ 24 ป๋อง \n น้ำปลา 150 ml \n ปาปริก้า 1ครึ่ง ชต. \n ขมิ้น 4ครึ่ง ชต. \n น้ำตาลปิ๊ป 500 g 3 ก้อน"
แจ่ว,"ซอสผัดไทย 1 ลิตร \n น้ำตาล 75 กรัม \n น้ำตาลปิ๊ป 85 กรัม \n น้ำปลา 100 ml \n น้ำเปล่า 100 ml \n พริกป่น 3 ชต."
spicy,"พริก 500 g 1 2/3 ถุง \n กระเทียม 1 ถุง \n น้ำมะนาว 1500 ml \n น้ำปลา 1200 ml \n รากผักชี 4 ราก \n น้ำตาลปึก 2 ถุง"
ซอสผัดไทย,"น้ำตาลปิ๊ป 500g 12 ก้อน \n น้ำมะขาม 900g 12 กระปุก \n น้ำตาล 4ตักครึ่ง \n สายชู 700 ml \n น้ำปลา 1500 ml \n ปาปริก้า 12 ชต."
น้ำจิ้มไก่,"น้ำจิ้มไก่ 1 แกลอน \n น้ำเปล่า 1 แกลอน \n น้ำตาล 1 ตัก \n แป้งมัน"
ซอสstay,"กะทิ 6 ป๋อง \n peanut 4 ทัพพี \n coco-sugar 500g ครึ่งถุง \n แกงพะแนง 1 ทัพพี \n เกลือ 1/2 ชต. \n ปาปริก้า 2 ชต."
ข้าวต้มปลา,"เต้าเจี้ยว 120 ml \n พริก 20 g \n ขิง 40 g \n มะนาว 55 ml \n น้ำตาลทราย 50 g \n ซีอิ้วขาว 10 ml "
พริกขิง,"พริกแกงแดง(1kg) 1 กระปุก \n น้ำปลา 50 ml \n น้ำมัน 2 กระบวยผัด"
ซุป,"ใบเตย 5 ใบ \n ฮ ยซัว 20 กรัม \n เก๋ากี้ 10 กรัม \n รากผักชี 30 กรัม \n กระเทียมเม็ด 30 กรัม \n พริกไทยขาว 6 กรัม \n เกลือ 80 กรัม \n กระเทียมดอง 5 หัว \n น้ำกระเทียมดอง 120 กรัม \n \n ฟ้าไทย 50 กรัม \n ชูรส 50 กรัม \n น้ำตาลกรวด 160 กรัม \n อิ๊วขาว 100 ml \n แม็กกี้ 100 ml"
เย็นตาโฟ,"พริก 55 กรัม \n กระเทียม 50 กรัม \n รากผักชี 20 กรัม \n กระเทียมดองแกะกลีบ 70 กรัม \n สายชู 120 ml \n น้ำเต้าหู้ยี้ 4 ชต. \n เนื้อเต้าหู้ยี้ 80 กรัม \n น้ำตาลทราย 250 กรัม \n ซอสแดงเย็นตาโฟ 850 ml"
ไก่ทอด,"ไก่ 1 kg \n เกลือ 5 กรัม \n น้ำตาล 6 กรัม \n คนอ 5 กรัม \n น้ำ 30 กรัม \n หมัก 20 นาที"
ทอดน้ำปลา,"น้ำปลา 200 ml \n น้ำตาลปิ๊ป 450 ml \n มะขามเปียก 15 ml"
น้ำยำทอดน้ำปลา,"น้ำปลา 180 กรัม \n น้ำมะนาว 227 กรัม \n น้ำตาลปิ๊ป 200 กรัม"
ส้มตำ,"น้ำตาลปิ๊ป 250 กรัม \n น้ำมะขาม 225 กรัม \n น้ำตาล 225 กรัม \n น้ำปลา 225 กรัม \n น้ำเปล่า 225 กรัม"
ข้าวมัน,"ข้าว 1 ตัก \n กระเทียม 3 ชต. รากผักชี 4 ราก ผัด น้ำมันครึ่งกระบวย \n พริกไทย 1 เยาะ \n ใบเตย 1 ใบ4ส่วน \n ขิงแว่น 7  \n อิ๊วขาว 4 ชต. \n "
น้ำจิ้มมันไก่,"ขิง 60 g \n กระเทียม 20 g \n เต้าเจี้ยว 130 g \n อิ๊วขาว 70 g \n อิ๊วดำ 45 g \n น้ำ 55 g \n สายชู 60 g \n น้ำตาล 60 g"
น้ำจิ้มหมูมะนาว,"spicy 1 กระบวยซุป \n น้ำมะนาว 1 กระบวยเย็นตาโฟ \n msg 1/2 ชต"
ลาบทอด ," หมู 300 กรัม \n ผงลาป 2ครึ่ง ชต \n น้ำปลา 1 ชต. \n มะนาว 1 เซี่ยว \n เวฟ 1 นาที \n ทอด 50 วิ"
ลาบ ,"หมู 300 กรัม \n น้ำตาล 1 ชต. \n น้ำปลา 2 ชต \n มะนาว 4 ชต. \n ผงไก่ 1/2 ชต. \n msg 1/2 ชต. \n พริกป่น 1 ชต. \n ผงลาป 1 ชต."
น้ำตก+ยำมาม่า,"msg ปลายช้อนโต๊ \n น้ำตาล 1/2 ชต. \n น้ำปลา 1/2 ชต. \n น้ำปลา 2 ชต. \n มะนาว 2 ชต. \n น้ำมันหอย 1/2 ชต.(ยำไม่ใส่)"
ต้มยำ,"พริก 1 ชต. ตะไคร้ ใบมะกรูด \n พริกแกงต้มยำ 1ครึ่ง ชต. \n พริกเผา 1 ชต. \n msg 1/2 ชต. \n มะนาว 2 ซีก \n นมข้ม 1 กระบวยเย็นตาโฟ"
ไก่น้ำผึ้ง,"ไก่ 1 กิโล \n รากผักชี 2 กระเทียม 3 กลีบ พริกไทยดำ 10 กรัม ปั่น \n น้ำผึ้ง 40 กรัม \n หอย 30 กรัม \n ฝาเขียว 30 กรัม \n น้ำมันงา 8 กรัม \n เกลือ 2.5 กรัม \n ผงกระหรี่ 5 กรัม \n หมักข้ามคืน"
เตี๋ยวเรือ,"เครื่องเทศ \n กระเทียม 50 กรัม \n เนื้อเต้าหู้ยี้ 75 กรัม \n เต้าเจี้ยว 60 กรัม \n กระเทียมดอง ไม่เอาก้าน 30 กรัม \n น้ำกระเทียมดอง 60 กรัม \n น้ำเปล่า 200 กรัม \n น้ำเดือด 6 ลิตร \n อบเชย(ท่อนไม้) 3-4 ท่อน โป๊ยกั๊ก(ดาว) 4-5 อัน \n ใส่เครื่องเทศที่ปั่นไว้ \n ใส่ใบเตย 1-2 ใบ \n ใส่น้ำตาลปีบ 100 กรัม \n ใส่น้ำตาลกรวด 90 กรัม \n ใส่ฝาเขียว 60 กรัม \n ใส่ซีอิ้วขาว 60 กรัม \n ใส่ซอสหอยนางรม 170 กรัม \n ใส่ซีอิ้วดำ 90 กรัม \n ใส่เกลือ 30 กรัม (ถ้าทำเสร็จทุกขั้นตอนแล้ว อ่อนเค็มค่อยใส่เพิ่ม) \n ผงชูรส 1 ช้อนโต๊ะ + ผงฟ้าไทย 30 กรัม "
หมูนุ่ม,"หมู 1 กก. \n ไข่ไก่ 1 ฟอง \n แป้งข้าวโพด 30 กรัม \n หอย 45 กรัม \n อิ๊วขาว 30 \n น้ำตาล 30 กรัม \n น้ำมัน 30 กรัม \n เบกกิ้งโซดา 3 กรัม \n หมัก 2 ชม."
น้ำส้มพริกดอง,"พริกขี้หนู 50 กรัม \n ข่า 50 กรัม \n กระเทียม 50 กรัม \n คั่วให้หอม ใส่เครื่องปั่น \n เกลือ 2 ช้อนชา \n น้ำส้มสายชู 100 กรัม"
ซอสปรุงรสก๋วยเตี๋ยว,"น้ำตาลทราย 2 ส่วน \n สายชู 2 ส่วน \n น้ำปลา 2 ส่วน \n น้ำส้มพริกดอง 2 ส่วน \n พริกคั่ว 1 ส่วน"
กุ้ยช่าย,"อิ๊วดำ 550 ml \n น้ำส้มสายชู 100 ml \n น้ำตาล 30 g"
เนื้อย่าง+คอหมู,"น้ำตาลปิ๊ป 200 ก. \n ฝาเขียว 120 ก. \n น้ำมันหอย 120 ก.\n ผงไก่ 1 ชต."
ต้มแซ่บ,"ผงไก่ 1 ครึ่งชต. \n น้ำปลา 1 ชต. \n พริก 1/2 ชต. \n ข้าวคั่ว 2 ชต."
น้ำตกหมู,"น้ำตาล 1/2 ชต. \n น้ำปลา 2 ชต. \n มะนาว 3 ชต. \n น้ำมันหอย 1 ชต."